{"cameraMode":{"drawMode":0,"name":"Shaded","section":"Shading Mode"},"sceneLighting":true,"audioPlay":false,"sceneViewState":{"showFog":true,"showMaterialUpdate":true,"showSkybox":true,"showFlares":true,"showImageEffects":true,"showParticleSystems":true},"in2DMode":false,"pivot":{"x":3.5304462909698488,"y":2.85160756111145,"z":-0.24087819457054139},"rotation":{"x":0.0719437524676323,"y":0.012263196520507336,"z":-0.0008971577044576407,"w":0.9973544478416443},"size":11.601421356201172,"orthographic":false}